year,model,target,n,r2,rmse,mae
2019,rf,pH值,202,0.25570160479913695,0.6062119267313284,0.4745436469077741
2019,rf,全碳(g/kg),202,0.28583197457878284,11.758477574319702,8.04380533479164
2019,rf,有机碳(g/kg),202,0.27056285650205647,9.007508404856155,6.3349354710940045
2019,rf,容重(g/cm3),202,0.017242452451431522,0.17223498474215332,0.1354595217439997
2019,rf,N(g/kg),202,0.31006464846986836,0.8624635092718727,0.6026227113207053
