year,model,target,n,r2,rmse,mae
2025,rf,pH值,202,0.16282046360807834,0.6429248870898325,0.4868420665417706
2025,rf,全碳(g/kg),202,0.23307611011915386,12.185041911825131,8.236839422359077
2025,rf,有机碳(g/kg),202,0.18240891571172635,9.536276009408887,6.595539141771805
2025,rf,容重(g/cm3),202,0.044775943423470244,0.16980512843605802,0.13119790757783814
2025,rf,N(g/kg),202,0.22839410734686605,0.9120828671058469,0.6445197685678344
