year,model,target,n,r2,rmse,mae
2020,xgboost,pH值,202,0.11419323852751018,0.6613333601394714,0.5072773934354876
2020,xgboost,全碳(g/kg),202,0.31719584172019244,11.497382311911958,8.407742675932326
2020,xgboost,有机碳(g/kg),202,0.2614296891800042,9.063723781669497,6.767941050010152
2020,xgboost,容重(g/cm3),202,-0.04667902671486068,0.1777480880451816,0.139164576441
2020,xgboost,N(g/kg),202,0.3081829511996561,0.8636388296709606,0.6452104463931357
