year,model,target,n,r2,rmse,mae
2023,xgboost,pH值,202,0.38462053729260914,0.5512167857960995,0.4339953089232491
2023,xgboost,全碳(g/kg),202,0.32540127470439084,11.428090008371898,8.15476125773817
2023,xgboost,有机碳(g/kg),202,0.2386366255676926,9.202519142861078,6.682911798269442
2023,xgboost,容重(g/cm3),202,0.04163118655107212,0.1700844121612081,0.13159173394227736
2023,xgboost,N(g/kg),202,0.26442814028447603,0.8905310842191938,0.6448116148556813
