year,model,target,n,r2,rmse,mae
2024,rf,pH值,202,0.16735784881824534,0.6411802426100146,0.48691626759025936
2024,rf,全碳(g/kg),202,0.14606178071631815,12.857724615745306,8.561004430828909
2024,rf,有机碳(g/kg),202,0.13210332595015173,9.825275821018101,6.847377309787944
2024,rf,容重(g/cm3),202,-0.004586759353979453,0.17413733826261604,0.13567835233954198
2024,rf,N(g/kg),202,0.1875028410269769,0.9359388085042873,0.6639663193795916
