year,model,target,n,r2,rmse,mae
2019,xgboost,pH值,202,0.21327154985413976,0.6232515439666069,0.4906584485686651
2019,xgboost,全碳(g/kg),202,0.33821550750732465,11.319029381152125,8.115771320078633
2019,xgboost,有机碳(g/kg),202,0.24141287660294763,9.18572569254378,6.778916949092752
2019,xgboost,容重(g/cm3),202,-0.034413542254223994,0.17670355045851657,0.1405358978718295
2019,xgboost,N(g/kg),202,0.3082259170351761,0.8636120107741687,0.635067814166003
