year,model,target,n,r2,rmse,mae
2022,rf,pH值,202,0.17011495242579666,0.6401178016791782,0.481316539746599
2022,rf,全碳(g/kg),202,0.22723290192647327,12.23137286709183,8.275845164440009
2022,rf,有机碳(g/kg),202,0.18754237721552236,9.506290854399403,6.72645329264932
2022,rf,容重(g/cm3),202,0.08702393628712124,0.16600756243725107,0.13046626052962818
2022,rf,N(g/kg),202,0.24846930672954626,0.9001396478392706,0.6368276977298005
