year,model,target,n,r2,rmse,mae
2024,xgboost,pH值,202,0.13436449816538043,0.6537601807337593,0.49657294348915015
2024,xgboost,全碳(g/kg),202,0.1901437142311284,12.521457184158248,8.457629370925451
2024,xgboost,有机碳(g/kg),202,0.10711620523137044,9.965709179845652,7.043375053028069
2024,xgboost,容重(g/cm3),202,-0.049861163501961236,0.17801807983157825,0.13947958471906302
2024,xgboost,N(g/kg),202,0.2192287407039678,0.9174838729384083,0.6560783876782598
