year,model,target,n,r2,rmse,mae
2018,xgboost,pH值,202,0.17790061846952476,0.637108055029489,0.4879236415825268
2018,xgboost,全碳(g/kg),202,0.3078402581064852,11.575881225517863,8.26688679798995
2018,xgboost,有机碳(g/kg),202,0.27524587089133046,8.97854757318377,6.583597500489489
2018,xgboost,容重(g/cm3),202,-0.014392079257428803,0.17498511275087122,0.13673520513632742
2018,xgboost,N(g/kg),202,0.33889894996030545,0.8442488029394398,0.6072560069254129
