year,model,target,n,r2,rmse,mae
2018,rf,pH值,202,0.15071942528154125,0.6475548054395908,0.4940314363636183
2018,rf,全碳(g/kg),202,0.25995825809629003,11.969582501570585,8.525570742393485
2018,rf,有机碳(g/kg),202,0.25438509737608916,9.106846759886563,6.538063802178051
2018,rf,容重(g/cm3),202,0.05854003683385578,0.16857730432674212,0.13203750486938354
2018,rf,N(g/kg),202,0.3011435339328955,0.8680215831227036,0.6182939500413072
