year,model,target,n,r2,rmse,mae
2022,xgboost,pH值,202,0.13201919701931852,0.6546452110776778,0.5026678751010705
2022,xgboost,全碳(g/kg),202,0.30828225996493286,11.572184551322575,8.12914638519287
2022,xgboost,有机碳(g/kg),202,0.23799186502400238,9.206414894743366,6.7646239054085004
2022,xgboost,容重(g/cm3),202,0.13467938726512396,0.1616168736915909,0.12701849133699247
2022,xgboost,N(g/kg),202,0.28266800464139263,0.8794205931441575,0.6411292186585984
