year,model,target,n,r2,rmse,mae
2020,rf,pH值,202,0.15574036748170783,0.6456377976371763,0.49163612418109176
2020,rf,全碳(g/kg),202,0.1868159567479707,12.5471565932462,8.76650689621766
2020,rf,有机碳(g/kg),202,0.182158425630352,9.537736739390128,6.774149990403017
2020,rf,容重(g/cm3),202,0.004710673623158801,0.17332964610662419,0.13589237995531064
2020,rf,N(g/kg),202,0.262758272838414,0.891541336196851,0.631914420800847
