year,model,target,n,r2,rmse,mae
2017,rf,pH值,202,0.14290576224029272,0.6505268446742432,0.49603947571383944
2017,rf,全碳(g/kg),202,0.17953087441756987,12.603234463350073,8.536146268065075
2017,rf,有机碳(g/kg),202,0.1816763366330959,9.540547406326654,6.792796346506256
2017,rf,容重(g/cm3),202,-0.07724096551816895,0.18032444625304686,0.13989932132405486
2017,rf,N(g/kg),202,0.23783144822591729,0.9064879651425071,0.641567536412805
