year,model,target,n,r2,rmse,mae
2021,rf,pH值,202,0.18716258426036603,0.6335089844130085,0.4898679381594754
2021,rf,全碳(g/kg),202,0.287433305171255,11.745287557471165,8.328033639563051
2021,rf,有机碳(g/kg),202,0.24550339718480285,9.160926174548603,6.663155292410704
2021,rf,容重(g/cm3),202,0.04625861499765127,0.1696732939167378,0.13272324623543724
2021,rf,N(g/kg),202,0.2989799112146587,0.8693642192373752,0.622448360766585
