year,model,target,n,r2,rmse,mae
2025,xgboost,pH值,202,0.11058696035504567,0.662678196113736,0.49939586412788617
2025,xgboost,全碳(g/kg),202,0.29759710150664365,11.661221419218352,8.26360923653782
2025,xgboost,有机碳(g/kg),202,0.20041627870129353,9.430673531652102,6.920880849290602
2025,xgboost,容重(g/cm3),202,-0.0035963724651961737,0.1740514791457142,0.13887648824704993
2025,xgboost,N(g/kg),202,0.27264310980606443,0.8855443340266318,0.6452926194809451
