year,model,target,n,r2,rmse,mae
2017,xgboost,pH值,202,0.1403394217693953,0.6515000314397604,0.5052700109765081
2017,xgboost,全碳(g/kg),202,0.1901552373552402,12.521368102415611,8.782181443318283
2017,xgboost,有机碳(g/kg),202,0.21199182852272191,9.362160873199198,6.777636043624123
2017,xgboost,容重(g/cm3),202,-0.15184670162895753,0.18646422415291639,0.14496277419822992
2017,xgboost,N(g/kg),202,0.2676896957774081,0.8885545653006224,0.6534869370130029
