year,model,target,n,r2,rmse,mae
2023,rf,pH值,202,0.27259585738123415,0.5992924690910241,0.4744572361096888
2023,rf,全碳(g/kg),202,0.3085448903678637,11.569987487512547,7.965527519742136
2023,rf,有机碳(g/kg),202,0.24465874959571177,9.166052499713482,6.566349086060128
2023,rf,容重(g/cm3),202,0.06680524732672721,0.1678356910290575,0.12888052363970312
2023,rf,N(g/kg),202,0.3307400009665935,0.849442457155635,0.6119615899591607
