year,model,target,n,r2,rmse,mae
2021,xgboost,pH值,202,0.18098761312054923,0.6359107551838462,0.4934398755932799
2021,xgboost,全碳(g/kg),202,0.37722503937885343,10.980357132149198,8.068132987824997
2021,xgboost,有机碳(g/kg),202,0.29454460292590146,8.858200767082181,6.641586537880472
2021,xgboost,容重(g/cm3),202,0.020680276587431767,0.1719334697240604,0.1363285391757134
2021,xgboost,N(g/kg),202,0.2936691778319128,0.8726510368449912,0.6355277617473414
